fold_scope,target,model,window_rule,horizon,n_scored,n_total,n_missing_actual,n_missing_pred,n_zero_actual_excluded_from_mape,MAE,RMSE,MAPE,sMAPE,MASE,ME_bias,n_excluded_interpolated_actual,n_folds,n_gap_contaminated_folds
all_dev_folds,Children discharged from HHS Care,exponential_smoothing,capped,1,65,65,0,0,0,26.770395358422288,38.39606844116974,16.25061715991364,16.219396547805697,0.7085216522635484,-5.7743520927676055,0,65,3
all_dev_folds,Children discharged from HHS Care,exponential_smoothing,capped,7,57,57,0,0,0,40.571685971689305,55.225152132073795,37.683734393931395,28.518708629912187,1.0820029661471602,0.47071739940380997,0,65,3
all_dev_folds,Children discharged from HHS Care,exponential_smoothing,capped,14,63,63,0,0,0,33.2370089871235,44.894542097880695,46.95135294752129,33.93875632857826,0.8842970368978977,12.883406697234442,0,65,3
all_dev_folds,Children discharged from HHS Care,exponential_smoothing,full,1,65,65,0,0,0,26.801458555725862,38.39439189458007,16.563133474615793,16.52980469587212,0.7093789565693728,-5.7383868424718685,0,65,3
all_dev_folds,Children discharged from HHS Care,exponential_smoothing,full,7,57,57,0,0,0,40.50671223801551,55.22924053687827,37.08294919495177,27.868888506624522,1.080050689264709,0.41735075535057586,0,65,3
all_dev_folds,Children discharged from HHS Care,exponential_smoothing,full,14,63,63,0,0,0,33.10862849737456,44.86092125935364,46.92970054816723,32.30248445266841,0.8803805486191828,13.017906039410471,0,65,3
all_dev_folds,Children discharged from HHS Care,gradient_boosting,capped,1,65,65,0,0,0,26.457162487490343,36.8134941551177,22.24825577754565,18.063718728009036,0.6981470567668455,2.941550236540579,0,65,3
all_dev_folds,Children discharged from HHS Care,gradient_boosting,capped,7,57,57,0,0,0,34.34780218377689,43.86560612470801,50.14863008779279,29.053431405035184,0.918110005181599,8.820954111365445,0,65,3
all_dev_folds,Children discharged from HHS Care,gradient_boosting,capped,14,63,63,0,0,0,38.0707712863891,51.25136360399685,53.72515896956003,31.826398468414148,1.013085469485053,20.823230266041687,0,65,3
all_dev_folds,Children discharged from HHS Care,gradient_boosting,full,1,65,65,0,0,0,26.34758935310908,36.78578595705959,21.230749094183945,17.91691137225426,0.694728475760882,2.5210838179084383,0,65,3
all_dev_folds,Children discharged from HHS Care,gradient_boosting,full,7,57,57,0,0,0,34.202850830125755,43.79493329999083,49.727393990565126,28.271487153314816,0.9133493644376276,8.798991306560556,0,65,3
all_dev_folds,Children discharged from HHS Care,gradient_boosting,full,14,63,63,0,0,0,38.364224625957284,51.28555765475138,57.59498748659204,34.135619661911875,1.022270325924461,21.16068678868532,0,65,3
all_dev_folds,Children discharged from HHS Care,moving_average,capped,1,65,65,0,0,0,34.57472527472528,47.96073792902553,19.64413849781766,18.923021290629226,0.9185199300896038,-25.73003663003663,0,65,3
all_dev_folds,Children discharged from HHS Care,moving_average,capped,7,57,57,0,0,0,45.56641604010025,64.06838942327454,36.821284710781015,30.099560890339955,1.2028705753449236,-38.45279866332498,0,65,3
all_dev_folds,Children discharged from HHS Care,moving_average,capped,14,63,63,0,0,0,41.33862433862434,58.37757804992969,53.80517967864539,33.69695541382929,1.0839060921846575,35.77475434618291,0,65,3
all_dev_folds,Children discharged from HHS Care,moving_average,full,1,65,65,0,0,0,34.57472527472528,47.96073792902553,19.64413849781766,18.923021290629226,0.9185199300896038,-25.73003663003663,0,65,3
all_dev_folds,Children discharged from HHS Care,moving_average,full,7,57,57,0,0,0,45.56641604010025,64.06838942327454,36.821284710781015,30.099560890339955,1.2028705753449236,-38.45279866332498,0,65,3
all_dev_folds,Children discharged from HHS Care,moving_average,full,14,63,63,0,0,0,41.33862433862434,58.37757804992969,53.80517967864539,33.69695541382929,1.0839060921846575,35.77475434618291,0,65,3
all_dev_folds,Children discharged from HHS Care,naive,capped,1,65,65,0,0,0,39.63076923076923,54.00028489953335,25.241945137640997,24.697321593750832,1.0508233641066458,-36.15384615384615,0,65,3
all_dev_folds,Children discharged from HHS Care,naive,capped,7,57,57,0,0,0,51.56140350877193,70.4605152587342,38.89941176670952,36.16653515203734,1.3597895971775196,-49.45614035087719,0,65,3
all_dev_folds,Children discharged from HHS Care,naive,capped,14,63,63,0,0,0,39.06349206349206,54.640963760121586,51.71451971556576,35.006037220306695,1.0266391312878138,24.96825396825397,0,65,3
all_dev_folds,Children discharged from HHS Care,naive,full,1,65,65,0,0,0,39.63076923076923,54.00028489953335,25.241945137640997,24.697321593750832,1.0508233641066458,-36.15384615384615,0,65,3
all_dev_folds,Children discharged from HHS Care,naive,full,7,57,57,0,0,0,51.56140350877193,70.4605152587342,38.89941176670952,36.16653515203734,1.3597895971775196,-49.45614035087719,0,65,3
all_dev_folds,Children discharged from HHS Care,naive,full,14,63,63,0,0,0,39.06349206349206,54.640963760121586,51.71451971556576,35.006037220306695,1.0266391312878138,24.96825396825397,0,65,3
all_dev_folds,Children discharged from HHS Care,random_forest,capped,1,63,65,0,2,0,29.126144287628488,42.20544479245387,25.06972103439847,18.76914412378143,0.7731203471826343,-3.089552220707113,0,65,3
all_dev_folds,Children discharged from HHS Care,random_forest,capped,7,54,57,0,3,0,39.70442716476024,52.662736464686446,47.59235874126805,29.70946389423674,1.0569951933439745,-12.29598989415725,0,65,3
all_dev_folds,Children discharged from HHS Care,random_forest,capped,14,60,63,0,3,0,47.67792703258725,63.849154654025114,67.93272174992022,39.2088132355971,1.2550425469342328,39.22244731563479,0,65,3
all_dev_folds,Children discharged from HHS Care,random_forest,full,1,63,65,0,2,0,29.791088997924316,42.33337436095718,30.957765216399487,22.018906243557506,0.794270789186663,-2.38960837321773,0,65,3
all_dev_folds,Children discharged from HHS Care,random_forest,full,7,54,57,0,3,0,39.576684186007114,52.621755821205234,47.074967037175,28.292883893129854,1.0528928963810642,-11.632006629922573,0,65,3
all_dev_folds,Children discharged from HHS Care,random_forest,full,14,60,63,0,3,0,48.304658865120594,63.97773358065757,77.09145470711928,41.611743159112834,1.2752527211691744,40.00493135771038,0,65,3
all_dev_folds,Children discharged from HHS Care,sarima,capped,1,65,65,0,0,0,24.45809187525234,33.70256333097132,20.29811226697535,22.735370617028646,0.6496574131252011,12.062638690600387,0,65,3
all_dev_folds,Children discharged from HHS Care,sarima,capped,7,57,57,0,0,0,36.422595099749955,45.569830208795786,38.93676847124593,35.92653748974192,0.9752749061550513,8.656820545529014,0,65,3
all_dev_folds,Children discharged from HHS Care,sarima,capped,14,63,63,0,0,0,36.471568615003,46.123734263542296,84.11304705527482,58.052232365859716,0.9746957074660203,-1.6818043642735645,0,65,3
all_dev_folds,Children discharged from HHS Care,sarima,full,1,65,65,0,0,0,24.19916313804004,33.68050135107838,18.538110777301043,20.979275880180612,0.6414626629514483,12.027949983655823,0,65,3
all_dev_folds,Children discharged from HHS Care,sarima,full,7,57,57,0,0,0,35.964906558613436,45.43656930349493,35.403482153255595,31.451889538073306,0.9608034707019933,8.776596629445315,0,65,3
all_dev_folds,Children discharged from HHS Care,sarima,full,14,63,63,0,0,0,35.538329046774955,45.84757591986789,73.01721007893036,50.526421022881685,0.9451893850317854,-1.033745847805678,0,65,3
all_dev_folds,Children discharged from HHS Care,seasonal_naive,capped,1,62,65,0,3,0,33.62903225806452,48.22310381897337,23.129551468892632,19.52477973594625,0.8844623580676295,14.629032258064516,0,65,3
all_dev_folds,Children discharged from HHS Care,seasonal_naive,capped,7,49,57,0,8,0,34.30612244897959,47.26672039757844,40.89502727158602,27.585663048662347,0.919705114981686,9.204081632653061,0,65,3
all_dev_folds,Children discharged from HHS Care,seasonal_naive,capped,14,61,63,0,2,0,32.68852459016394,43.343840676504016,35.91372753115164,29.82457376249507,0.866987208440349,5.934426229508197,0,65,3
all_dev_folds,Children discharged from HHS Care,seasonal_naive,full,1,62,65,0,3,0,33.62903225806452,48.22310381897337,23.129551468892632,19.52477973594625,0.8844623580676295,14.629032258064516,0,65,3
all_dev_folds,Children discharged from HHS Care,seasonal_naive,full,7,49,57,0,8,0,34.30612244897959,47.26672039757844,40.89502727158602,27.585663048662347,0.919705114981686,9.204081632653061,0,65,3
all_dev_folds,Children discharged from HHS Care,seasonal_naive,full,14,61,63,0,2,0,32.68852459016394,43.343840676504016,35.91372753115164,29.82457376249507,0.866987208440349,5.934426229508197,0,65,3
all_dev_folds,Children in HHS Care,exponential_smoothing,capped,1,65,65,0,0,0,48.9906201551736,65.30981466894812,0.8395048353285065,0.8374099989215846,0.163835039810351,-14.870738626687366,0,65,3
all_dev_folds,Children in HHS Care,exponential_smoothing,capped,7,57,57,0,0,0,294.7375578327108,410.7555864293231,4.571303926399819,4.5460870272646146,0.9934773804413853,5.623971387009808,8,65,3
all_dev_folds,Children in HHS Care,exponential_smoothing,capped,14,63,63,0,0,0,518.0877016648253,755.2359048139864,8.422732032972274,8.036062868780656,1.7281180846004187,85.24084895128141,2,65,3
all_dev_folds,Children in HHS Care,exponential_smoothing,full,1,65,65,0,0,0,51.879573114080515,66.80199934711882,0.9579597375883037,0.9553425871817413,0.1743934981481988,-14.587321609127534,0,65,3
all_dev_folds,Children in HHS Care,exponential_smoothing,full,7,57,57,0,0,0,299.2894289120597,411.8792312323777,4.758098807862413,4.7242682317197975,1.0102513436582834,12.057621337519908,8,65,3
all_dev_folds,Children in HHS Care,exponential_smoothing,full,14,63,63,0,0,0,518.2275279236355,755.792644098908,8.428202573164414,8.026018403955883,1.7288282466879246,92.09342544164888,2,65,3
all_dev_folds,Children in HHS Care,gradient_boosting,capped,1,65,65,0,0,0,107.49386633671695,140.60096170183405,1.6827479395324128,1.6713240836419219,0.35359254663330014,-1.4790480617806154,0,65,3
all_dev_folds,Children in HHS Care,gradient_boosting,capped,7,57,57,0,0,0,612.2547611898935,891.4814115763577,11.513073220022589,10.27597970979061,2.022914205557347,323.2959797025396,8,65,3
all_dev_folds,Children in HHS Care,gradient_boosting,capped,14,63,63,0,0,0,1066.4669523108585,1424.731201950733,20.822316450979574,17.496244824371498,3.4650654278546305,581.7876410564243,2,65,3
all_dev_folds,Children in HHS Care,gradient_boosting,full,1,65,65,0,0,0,108.62787528824984,140.40735769108954,1.7456601981593718,1.7342491431184703,0.35820630552758126,-0.9730703927614006,0,65,3
all_dev_folds,Children in HHS Care,gradient_boosting,full,7,57,57,0,0,0,616.5006664164285,892.2488706139956,11.717468966390076,10.467097554997645,2.039648867571394,327.18219655013377,8,65,3
all_dev_folds,Children in HHS Care,gradient_boosting,full,14,63,63,0,0,0,1101.8076752305224,1440.7190847357324,22.297473687687074,18.63595344177002,3.598461331385827,631.8821896631284,2,65,3
all_dev_folds,Children in HHS Care,moving_average,capped,1,65,65,0,0,0,178.5538461538461,258.9071804729852,2.6896800278773654,2.664822470492763,0.5750441307796633,-28.030769230769245,0,65,3
all_dev_folds,Children in HHS Care,moving_average,capped,7,57,57,0,0,0,468.7919799498747,673.6049040602941,7.729967427103723,7.335565160089253,1.5376060313294646,171.20802005012524,8,65,3
all_dev_folds,Children in HHS Care,moving_average,capped,14,63,63,0,0,0,670.0566893424036,954.4504218186248,11.711385762676228,10.72723067606592,2.1996402918149767,194.59183673469386,2,65,3
all_dev_folds,Children in HHS Care,moving_average,full,1,65,65,0,0,0,178.5538461538461,258.9071804729852,2.6896800278773654,2.664822470492763,0.5750441307796633,-28.030769230769245,0,65,3
all_dev_folds,Children in HHS Care,moving_average,full,7,57,57,0,0,0,468.7919799498747,673.6049040602941,7.729967427103723,7.335565160089253,1.5376060313294646,171.20802005012524,8,65,3
all_dev_folds,Children in HHS Care,moving_average,full,14,63,63,0,0,0,670.0566893424036,954.4504218186248,11.711385762676228,10.72723067606592,2.1996402918149767,194.59183673469386,2,65,3
all_dev_folds,Children in HHS Care,naive,capped,1,65,65,0,0,0,48.23076923076923,74.03543849972223,0.6991525346042161,0.6991361017894132,0.15748847351931633,-11.953846153846154,0,65,3
all_dev_folds,Children in HHS Care,naive,capped,7,57,57,0,0,0,382.6140350877193,543.3166987013369,6.075135303754766,5.845008642390194,1.27412143267644,174.2280701754386,8,65,3
all_dev_folds,Children in HHS Care,naive,capped,14,63,63,0,0,0,602.5079365079365,859.8263390553544,10.357597579130319,9.580322343947904,2.0029117999472166,203.65079365079364,2,65,3
all_dev_folds,Children in HHS Care,naive,full,1,65,65,0,0,0,48.23076923076923,74.03543849972223,0.6991525346042161,0.6991361017894132,0.15748847351931633,-11.953846153846154,0,65,3
all_dev_folds,Children in HHS Care,naive,full,7,57,57,0,0,0,382.6140350877193,543.3166987013369,6.075135303754766,5.845008642390194,1.27412143267644,174.2280701754386,8,65,3
all_dev_folds,Children in HHS Care,naive,full,14,63,63,0,0,0,602.5079365079365,859.8263390553544,10.357597579130319,9.580322343947904,2.0029117999472166,203.65079365079364,2,65,3
all_dev_folds,Children in HHS Care,random_forest,capped,1,63,65,0,2,0,295.0184494907781,435.5659156194035,4.79877486634575,4.6712669532732605,0.9446799416921687,9.990519650640968,0,65,3
all_dev_folds,Children in HHS Care,random_forest,capped,7,55,57,0,2,0,658.2447048573447,881.7372069053889,11.882464400464311,10.822823394895474,2.126099564833837,307.97195530080313,8,65,3
all_dev_folds,Children in HHS Care,random_forest,capped,14,60,63,0,3,0,1036.213602914008,1380.6945680440083,19.107317864044745,16.535140737942736,3.3202365625391486,390.66184675372307,2,65,3
all_dev_folds,Children in HHS Care,random_forest,full,1,63,65,0,2,0,302.8891722374078,439.88045622180124,5.193783428896168,5.0208841414303,0.9765499123827133,22.97129610418384,0,65,3
all_dev_folds,Children in HHS Care,random_forest,full,7,55,57,0,2,0,668.6790244952095,885.6787629072977,12.41175391029705,11.271161172485177,2.1682742024249637,323.12017065947293,8,65,3
all_dev_folds,Children in HHS Care,random_forest,full,14,60,63,0,3,0,1044.750281810996,1382.4035078285535,19.519334506262705,16.89623803956397,3.3541093957010375,399.2401444974231,2,65,3
all_dev_folds,Children in HHS Care,sarima,capped,1,65,65,0,0,0,44.55350073285768,62.93812740985622,0.6449509866469397,0.6462271796463349,0.14788251264829166,-19.41524734669324,0,65,3
all_dev_folds,Children in HHS Care,sarima,capped,7,57,57,0,0,0,309.7004944785182,431.117889018972,4.756239176341106,4.7528036166347665,1.047625096818294,-16.647750679718687,8,65,3
all_dev_folds,Children in HHS Care,sarima,capped,14,63,63,0,0,0,564.8399940670603,796.7680573552582,9.983297821614212,9.836732499438847,1.9022892258131967,61.89697367534255,2,65,3
all_dev_folds,Children in HHS Care,sarima,full,1,65,65,0,0,0,44.63964883181371,62.92931561192699,0.6490219791784109,0.6502887623905592,0.1481712577576753,-19.300961144283406,0,65,3
all_dev_folds,Children in HHS Care,sarima,full,7,57,57,0,0,0,309.82640910836597,431.1388779081334,4.763661598650693,4.76073268515108,1.0480491183781073,-18.020366755526098,8,65,3
all_dev_folds,Children in HHS Care,sarima,full,14,63,63,0,0,0,571.2898435274661,797.7641591712509,10.268396338076082,10.13190190793721,1.9269062066257416,57.34603878093548,2,65,3
all_dev_folds,Children in HHS Care,seasonal_naive,capped,1,65,65,0,0,0,236.1846153846154,363.4065322642229,3.6027457250747386,3.521152658506663,0.7613026982947677,21.692307692307693,0,65,3
all_dev_folds,Children in HHS Care,seasonal_naive,capped,7,57,57,0,0,0,464.03508771929825,665.2637255715988,7.747820699823225,7.3782234138036324,1.5317374494497802,115.40350877192982,8,65,3
all_dev_folds,Children in HHS Care,seasonal_naive,capped,14,63,63,0,0,0,617.8571428571429,876.6190915933965,10.524184649354135,9.784825329076716,2.042151656427271,165.31746031746033,2,65,3
all_dev_folds,Children in HHS Care,seasonal_naive,full,1,65,65,0,0,0,236.1846153846154,363.4065322642229,3.6027457250747386,3.521152658506663,0.7613026982947677,21.692307692307693,0,65,3
all_dev_folds,Children in HHS Care,seasonal_naive,full,7,57,57,0,0,0,464.03508771929825,665.2637255715988,7.747820699823225,7.3782234138036324,1.5317374494497802,115.40350877192982,8,65,3
all_dev_folds,Children in HHS Care,seasonal_naive,full,14,63,63,0,0,0,617.8571428571429,876.6190915933965,10.524184649354135,9.784825329076716,2.042151656427271,165.31746031746033,2,65,3
common_support,Children discharged from HHS Care,exponential_smoothing,capped,1,60,60,0,0,0,25.969711667238933,37.29749102579407,16.501173675910465,16.446660243876863,0.6842004986163334,-5.473034517335752,0,60,2
common_support,Children discharged from HHS Care,exponential_smoothing,capped,7,46,46,0,0,0,34.29357854348791,47.21414699261994,40.008831199010295,27.861313615533934,0.918553131787759,3.2561122608262694,0,46,3
common_support,Children discharged from HHS Care,exponential_smoothing,capped,14,58,58,0,0,0,32.992372128342154,44.95195845694685,43.557627009215274,32.541048704080794,0.8719880344421234,11.751259377364736,0,58,0
common_support,Children discharged from HHS Care,exponential_smoothing,full,1,60,60,0,0,0,25.98568868051131,37.29483351515029,16.679053164051506,16.594789841873062,0.6845892121109357,-5.416397379042212,0,60,2
common_support,Children discharged from HHS Care,exponential_smoothing,full,7,46,46,0,0,0,34.15477945237973,47.19254355098914,39.110990078788994,26.748728132147846,0.9143276483086425,3.2482721882292194,0,46,3
common_support,Children discharged from HHS Care,exponential_smoothing,full,14,58,58,0,0,0,32.8935062458184,44.927616759144826,43.70960755463134,30.897014557298824,0.868999275612389,11.937935381242255,0,58,0
common_support,Children discharged from HHS Care,gradient_boosting,capped,1,60,60,0,0,0,26.508207268813365,37.40801925967632,21.240927835696287,17.569257615604933,0.6977087114136762,1.7644979058883479,0,60,2
common_support,Children discharged from HHS Care,gradient_boosting,capped,7,46,46,0,0,0,32.576347359229864,42.59943982921078,57.42644725382723,30.34738952163356,0.8710791172248288,10.02811290870442,0,46,3
common_support,Children discharged from HHS Care,gradient_boosting,capped,14,58,58,0,0,0,38.80712325636943,52.10832757291039,54.26421696746814,31.652715430676963,1.0282026914848956,20.623092458372838,0,58,0
common_support,Children discharged from HHS Care,gradient_boosting,full,1,60,60,0,0,0,26.494272373868338,37.40840987099196,21.091077419339296,17.845810783904952,0.6972063560224956,1.413761953004863,0,60,2
common_support,Children discharged from HHS Care,gradient_boosting,full,7,46,46,0,0,0,32.54406813374013,42.59751953622034,57.29220291284528,30.260457023850805,0.8697459751455188,9.853563720455183,0,46,3
common_support,Children discharged from HHS Care,gradient_boosting,full,14,58,58,0,0,0,39.01458014798112,52.13182277057111,57.03921353519368,33.58674661335541,1.0346029413769988,20.78970854535679,0,58,0
common_support,Children discharged from HHS Care,moving_average,capped,1,60,60,0,0,0,34.58531746031746,47.68832767826747,20.268176016061876,19.400035685392005,0.9174846424679701,-25.25912698412698,0,60,2
common_support,Children discharged from HHS Care,moving_average,capped,7,46,46,0,0,0,41.607660455486545,59.003006714410965,39.60695717841629,29.602323264358116,1.1034612382729838,-33.746376811594196,0,46,3
common_support,Children discharged from HHS Care,moving_average,capped,14,58,58,0,0,0,41.91912972085387,59.16866920651263,54.01602587056726,33.47726487266515,1.0927018064583114,35.8756157635468,0,58,0
common_support,Children discharged from HHS Care,moving_average,full,1,60,60,0,0,0,34.58531746031746,47.68832767826747,20.268176016061876,19.400035685392005,0.9174846424679701,-25.25912698412698,0,60,2
common_support,Children discharged from HHS Care,moving_average,full,7,46,46,0,0,0,41.607660455486545,59.003006714410965,39.60695717841629,29.602323264358116,1.1034612382729838,-33.746376811594196,0,46,3
common_support,Children discharged from HHS Care,moving_average,full,14,58,58,0,0,0,41.91912972085387,59.16866920651263,54.01602587056726,33.47726487266515,1.0927018064583114,35.8756157635468,0,58,0
common_support,Children discharged from HHS Care,naive,capped,1,60,60,0,0,0,39.8,54.47813016859762,25.766023784353447,25.17157317371958,1.0528175651226788,-36.166666666666664,0,60,2
common_support,Children discharged from HHS Care,naive,capped,7,46,46,0,0,0,45.17391304347826,62.63107993570799,41.01801367402582,35.659238847115475,1.1959963435193657,-42.56521739130435,0,46,3
common_support,Children discharged from HHS Care,naive,capped,14,58,58,0,0,0,39.98275862068966,55.8311802638559,54.414098884847284,36.47725330818396,1.0464404811166288,25.396551724137932,0,58,0
common_support,Children discharged from HHS Care,naive,full,1,60,60,0,0,0,39.8,54.47813016859762,25.766023784353447,25.17157317371958,1.0528175651226788,-36.166666666666664,0,60,2
common_support,Children discharged from HHS Care,naive,full,7,46,46,0,0,0,45.17391304347826,62.63107993570799,41.01801367402582,35.659238847115475,1.1959963435193657,-42.56521739130435,0,46,3
common_support,Children discharged from HHS Care,naive,full,14,58,58,0,0,0,39.98275862068966,55.8311802638559,54.414098884847284,36.47725330818396,1.0464404811166288,25.396551724137932,0,58,0
common_support,Children discharged from HHS Care,random_forest,capped,1,60,60,0,0,0,29.355653997430263,42.74870280791342,25.234188855414875,18.733844726623886,0.7792713605714395,-3.016463547041219,0,60,2
common_support,Children discharged from HHS Care,random_forest,capped,7,46,46,0,0,0,37.45196359942975,50.81024210831032,51.59231726550355,29.47006861667495,1.000100353591978,-7.688797079454639,0,46,3
common_support,Children discharged from HHS Care,random_forest,capped,14,58,58,0,0,0,49.14316284606288,64.93239574932069,67.32582571803238,38.59619275901556,1.2924998494212365,40.50363641273007,0,58,0
common_support,Children discharged from HHS Care,random_forest,full,1,60,60,0,0,0,29.962225082436493,42.86591812877495,30.58371833011248,21.669258116386647,0.7986799538939129,-2.3731433679817484,0,60,2
common_support,Children discharged from HHS Care,random_forest,full,7,46,46,0,0,0,37.39111923011833,50.8045885020641,51.21945697353287,28.33276758867341,0.9980462924587791,-6.998453244577894,0,46,3
common_support,Children discharged from HHS Care,random_forest,full,14,58,58,0,0,0,49.18938446768955,64.93405921370741,68.23345966334473,39.00224083655967,1.2939638601232069,40.603459460023814,0,58,0
common_support,Children discharged from HHS Care,sarima,capped,1,60,60,0,0,0,23.921470966209462,32.83260198813334,20.339347718789973,23.196165368097873,0.6321507759520885,10.493063349503172,0,60,2
common_support,Children discharged from HHS Care,sarima,capped,7,46,46,0,0,0,34.521590375428985,43.53978266898022,43.87064017371688,39.87288521623601,0.9272025192407658,9.38766555394885,0,46,3
common_support,Children discharged from HHS Care,sarima,capped,14,58,58,0,0,0,36.35216715654397,46.54802850570369,81.4192081952119,55.036527954254375,0.9647784692636686,-2.238530523776914,0,58,0
common_support,Children discharged from HHS Care,sarima,full,1,60,60,0,0,0,23.66679060009577,32.811063946926694,18.667459128003145,21.33537929907949,0.6240622067166162,10.582393020602456,0,60,2
common_support,Children discharged from HHS Care,sarima,full,7,46,46,0,0,0,33.83319405076652,43.31507051152205,39.173330921007384,33.76917714912558,0.9055126435072107,9.657344268577566,0,46,3
common_support,Children discharged from HHS Care,sarima,full,14,58,58,0,0,0,35.9437960216935,46.45340800388037,75.91187420675864,49.90706717744206,0.952043006297667,-2.1399250141141932,0,58,0
common_support,Children discharged from HHS Care,seasonal_naive,capped,1,60,60,0,0,0,33.11666666666667,47.96265908669646,23.34458499806224,19.666824104744897,0.867448155705911,14.25,0,60,2
common_support,Children discharged from HHS Care,seasonal_naive,capped,7,46,46,0,0,0,35.34782608695652,48.455268480096784,43.136228265079104,28.967326353257423,0.9462573595229727,9.521739130434783,0,46,3
common_support,Children discharged from HHS Care,seasonal_naive,capped,14,58,58,0,0,0,32.53448275862069,43.53734029542916,36.86099550752161,30.53951572883137,0.8600161849272897,4.948275862068965,0,58,0
common_support,Children discharged from HHS Care,seasonal_naive,full,1,60,60,0,0,0,33.11666666666667,47.96265908669646,23.34458499806224,19.666824104744897,0.867448155705911,14.25,0,60,2
common_support,Children discharged from HHS Care,seasonal_naive,full,7,46,46,0,0,0,35.34782608695652,48.455268480096784,43.136228265079104,28.967326353257423,0.9462573595229727,9.521739130434783,0,46,3
common_support,Children discharged from HHS Care,seasonal_naive,full,14,58,58,0,0,0,32.53448275862069,43.53734029542916,36.86099550752161,30.53951572883137,0.8600161849272897,4.948275862068965,0,58,0
common_support,Children in HHS Care,exponential_smoothing,capped,1,63,63,0,0,0,48.72106496744711,65.5420245488733,0.8437411335576979,0.8415003086324787,0.1598562881233638,-13.518012596786713,0,63,3
common_support,Children in HHS Care,exponential_smoothing,capped,7,55,55,0,0,0,293.4604655876064,410.6109372606426,4.576458030738047,4.5556607423689,0.9663042369685771,-3.311851219594663,0,55,3
common_support,Children in HHS Care,exponential_smoothing,capped,14,60,60,0,0,0,518.1993430640078,755.1216308765731,8.540288213848019,8.11412184633513,1.689620096052383,107.0466292302955,0,60,2
common_support,Children in HHS Care,exponential_smoothing,full,1,63,63,0,0,0,51.701730718700276,67.07570698655499,0.9659565089051074,0.9631767885834338,0.17074993561479407,-13.225598213590061,0,63,3
common_support,Children in HHS Care,exponential_smoothing,full,7,55,55,0,0,0,298.1778592516587,411.7757931677491,4.770045453344736,4.740321263349727,0.9836881624842714,3.355749638206713,0,55,3
common_support,Children in HHS Care,exponential_smoothing,full,14,60,60,0,0,0,518.3461606357586,755.7062847556612,8.546032281049767,8.10357515826912,1.6903657662442646,114.24183454518133,0,60,2
common_support,Children in HHS Care,gradient_boosting,capped,1,63,63,0,0,0,106.6427177298498,140.78863475112072,1.6838032821465743,1.6715798794303942,0.34333169807761943,2.7376503315924405,0,63,3
common_support,Children in HHS Care,gradient_boosting,capped,7,55,55,0,0,0,621.7419947330003,903.9728651178343,11.760792571159769,10.484005963433814,2.029472205694534,326.5612486961261,0,55,3
common_support,Children in HHS Care,gradient_boosting,capped,14,60,60,0,0,0,1105.8176983753158,1457.152000904881,21.698792694756406,18.201122195015124,3.570024263863261,619.7205476307753,0,60,2
common_support,Children in HHS Care,gradient_boosting,full,1,63,63,0,0,0,107.81272696555838,140.58914686264401,1.7487127553331199,1.736502559842706,0.3480919255082268,3.2596907837551226,0,63,3
common_support,Children in HHS Care,gradient_boosting,full,7,55,55,0,0,0,626.1422965132274,904.7572383953533,11.972620890122435,10.682073548466558,2.0468154008727284,330.58878251999647,0,55,3
common_support,Children in HHS Care,gradient_boosting,full,14,60,60,0,0,0,1142.925457440963,1473.565424817091,23.247707793299288,19.397816243283568,3.710089962571018,672.3198236678147,0,60,2
common_support,Children in HHS Care,moving_average,capped,1,63,63,0,0,0,180.68480725623579,262.15262112099697,2.7315417170511775,2.7055606929938905,0.5759421634358195,-25.38321995464855,0,63,3
common_support,Children in HHS Care,moving_average,capped,7,55,55,0,0,0,472.19480519480527,678.7623007013812,7.826680554071813,7.426249959536987,1.5207484097172448,164.77662337662332,0,55,3
common_support,Children in HHS Care,moving_average,capped,14,60,60,0,0,0,684.4642857142858,968.9091816991685,12.073311816537595,11.027423474219265,2.2169119721821287,219.47857142857143,0,60,2
common_support,Children in HHS Care,moving_average,full,1,63,63,0,0,0,180.68480725623579,262.15262112099697,2.7315417170511775,2.7055606929938905,0.5759421634358195,-25.38321995464855,0,63,3
common_support,Children in HHS Care,moving_average,full,7,55,55,0,0,0,472.19480519480527,678.7623007013812,7.826680554071813,7.426249959536987,1.5207484097172448,164.77662337662332,0,55,3
common_support,Children in HHS Care,moving_average,full,14,60,60,0,0,0,684.4642857142858,968.9091816991685,12.073311816537595,11.027423474219265,2.2169119721821287,219.47857142857143,0,60,2
common_support,Children in HHS Care,naive,capped,1,63,63,0,0,0,49.63492063492063,75.19783431531978,0.7197859969247974,0.7197686332558476,0.16186159795717547,-12.206349206349206,0,63,3
common_support,Children in HHS Care,naive,capped,7,55,55,0,0,0,379.96363636363634,542.3940533329151,6.0737618662194,5.845467880686839,1.2331365960524454,164.0,0,55,3
common_support,Children in HHS Care,naive,capped,14,60,60,0,0,0,606.25,865.620153416035,10.56373411941298,9.729360391610966,1.9749172496569116,229.11666666666667,0,60,2
common_support,Children in HHS Care,naive,full,1,63,63,0,0,0,49.63492063492063,75.19783431531978,0.7197859969247974,0.7197686332558476,0.16186159795717547,-12.206349206349206,0,63,3
common_support,Children in HHS Care,naive,full,7,55,55,0,0,0,379.96363636363634,542.3940533329151,6.0737618662194,5.845467880686839,1.2331365960524454,164.0,0,55,3
common_support,Children in HHS Care,naive,full,14,60,60,0,0,0,606.25,865.620153416035,10.56373411941298,9.729360391610966,1.9749172496569116,229.11666666666667,0,60,2
common_support,Children in HHS Care,random_forest,capped,1,63,63,0,0,0,295.0184494907781,435.5659156194035,4.79877486634575,4.6712669532732605,0.9446799416921687,9.990519650640968,0,63,3
common_support,Children in HHS Care,random_forest,capped,7,55,55,0,0,0,658.2447048573447,881.7372069053889,11.882464400464311,10.822823394895474,2.126099564833837,307.97195530080313,0,55,3
common_support,Children in HHS Care,random_forest,capped,14,60,60,0,0,0,1036.213602914008,1380.6945680440083,19.107317864044745,16.535140737942736,3.3202365625391486,390.66184675372307,0,60,2
common_support,Children in HHS Care,random_forest,full,1,63,63,0,0,0,302.8891722374078,439.88045622180124,5.193783428896168,5.0208841414303,0.9765499123827133,22.97129610418384,0,63,3
common_support,Children in HHS Care,random_forest,full,7,55,55,0,0,0,668.6790244952095,885.6787629072977,12.41175391029705,11.271161172485177,2.1682742024249637,323.12017065947293,0,55,3
common_support,Children in HHS Care,random_forest,full,14,60,60,0,0,0,1044.750281810996,1382.4035078285535,19.519334506262705,16.89623803956397,3.3541093957010375,399.2401444974231,0,60,2
common_support,Children in HHS Care,sarima,capped,1,63,63,0,0,0,44.84928150844276,63.59331589993341,0.6516641715518732,0.6529482948298316,0.14707536650036665,-18.91298833224135,0,63,3
common_support,Children in HHS Care,sarima,capped,7,55,55,0,0,0,306.2304963515493,427.0334816055483,4.730714698813294,4.736007618042187,1.0075453917708905,-29.751036235484417,0,55,3
common_support,Children in HHS Care,sarima,capped,14,60,60,0,0,0,554.8022213439326,786.0191544743172,10.027738301224819,9.843832539401909,1.8092747167923808,81.20194311498287,0,60,2
common_support,Children in HHS Care,sarima,full,1,63,63,0,0,0,44.938164467683116,63.58431802390166,0.6558644019414863,0.6571388167087933,0.14737327812115933,-18.79507399642168,0,63,3
common_support,Children in HHS Care,sarima,full,7,55,55,0,0,0,306.3609896952096,427.0554417474502,4.738407027388684,4.744225016322732,1.0079848322965155,-31.17356562313937,0,55,3
common_support,Children in HHS Care,sarima,full,14,60,60,0,0,0,561.5745632773585,787.0793120511354,10.327091743509783,10.15376041832519,1.835122546645553,76.42346147585548,0,60,2
common_support,Children in HHS Care,seasonal_naive,capped,1,63,63,0,0,0,241.57142857142858,368.8465719656259,3.691098352449846,3.606754809232487,0.7753772058106121,24.49206349206349,0,63,3
common_support,Children in HHS Care,seasonal_naive,capped,7,55,55,0,0,0,468.23636363636365,672.2608395285541,7.85962348488628,7.482247060267324,1.5207211722490654,110.41818181818182,0,55,3
common_support,Children in HHS Care,seasonal_naive,capped,14,60,60,0,0,0,625.2666666666667,883.9415516122469,10.774656282585319,9.980245721487108,2.0309457337573016,191.1,0,60,2
common_support,Children in HHS Care,seasonal_naive,full,1,63,63,0,0,0,241.57142857142858,368.8465719656259,3.691098352449846,3.606754809232487,0.7753772058106121,24.49206349206349,0,63,3
common_support,Children in HHS Care,seasonal_naive,full,7,55,55,0,0,0,468.23636363636365,672.2608395285541,7.85962348488628,7.482247060267324,1.5207211722490654,110.41818181818182,0,55,3
common_support,Children in HHS Care,seasonal_naive,full,14,60,60,0,0,0,625.2666666666667,883.9415516122469,10.774656282585319,9.980245721487108,2.0309457337573016,191.1,0,60,2
post_cutoff_origins,Children discharged from HHS Care,exponential_smoothing,capped,1,15,15,0,0,0,3.6380713261991118,6.0620401728543225,22.546744332570945,23.33598618551377,0.10759994670501913,-1.4031268417322096,0,15,3
post_cutoff_origins,Children discharged from HHS Care,exponential_smoothing,capped,7,14,14,0,0,0,7.79164184253115,10.866493674160774,86.77114859547011,51.87553584539179,0.23205656402064337,0.06301722557357069,0,15,3
post_cutoff_origins,Children discharged from HHS Care,exponential_smoothing,capped,14,14,14,0,0,0,8.158899015844849,10.443272636265936,101.88745001859378,71.07210111858552,0.24445274879935502,3.676684141512037,0,15,3
post_cutoff_origins,Children discharged from HHS Care,exponential_smoothing,full,1,15,15,0,0,0,3.7726785145145927,6.015849537534568,23.900981696280283,24.681088160468256,0.11131493203025769,-1.2472774237840156,0,15,3
post_cutoff_origins,Children discharged from HHS Care,exponential_smoothing,full,7,14,14,0,0,0,7.527105926859283,10.950765714124088,84.32509457105313,49.22983962914915,0.22410800814209192,-0.15426125378602304,0,15,3
post_cutoff_origins,Children discharged from HHS Care,exponential_smoothing,full,14,14,14,0,0,0,7.581186811974608,9.77151475582644,101.79001422150048,63.708877676991214,0.22682855154513706,4.281931181304188,0,15,3
post_cutoff_origins,Children discharged from HHS Care,gradient_boosting,capped,1,15,15,0,0,0,5.061834003696108,7.650158100215858,45.90834558381056,31.436183891185166,0.14825988273790414,2.8783383096298096,0,15,3
post_cutoff_origins,Children discharged from HHS Care,gradient_boosting,capped,7,14,14,0,0,0,13.419422271382095,19.885863167503995,147.78961884319148,68.15826059155063,0.39295870638972075,3.144508787844159,0,15,3
post_cutoff_origins,Children discharged from HHS Care,gradient_boosting,capped,14,14,14,0,0,0,7.784250022202275,13.642781241483528,104.1240226564265,50.34652955968372,0.22541432937879052,5.881359464439752,0,15,3
post_cutoff_origins,Children discharged from HHS Care,gradient_boosting,full,1,15,15,0,0,0,4.587017088043959,7.048967117746685,41.49914995590983,30.80001868291446,0.13344603171206254,1.056317162223869,0,15,3
post_cutoff_origins,Children discharged from HHS Care,gradient_boosting,full,7,14,14,0,0,0,12.829263188659652,19.241210112678367,146.07458616162182,64.97463042383197,0.3735760976464087,3.055088796852825,0,15,3
post_cutoff_origins,Children discharged from HHS Care,gradient_boosting,full,14,14,14,0,0,0,9.104790050259025,14.209263425905768,121.53825098307058,60.73802493042349,0.2667461833561256,7.39991381633611,0,15,3
post_cutoff_origins,Children discharged from HHS Care,moving_average,capped,1,15,15,0,0,0,4.246031746031746,7.956445591784466,28.471455966756725,23.907375204879585,0.1221099719156573,1.0269841269841273,0,15,3
post_cutoff_origins,Children discharged from HHS Care,moving_average,capped,7,14,14,0,0,0,7.852040816326531,10.399703389032354,87.54416249882857,51.72246886820483,0.2354743083658412,-0.7976190476190474,0,15,3
post_cutoff_origins,Children discharged from HHS Care,moving_average,capped,14,14,14,0,0,0,7.384353741496599,10.162706934911483,104.26756313291361,55.84392583549801,0.21930496739728977,6.302721088435375,0,15,3
post_cutoff_origins,Children discharged from HHS Care,moving_average,full,1,15,15,0,0,0,4.246031746031746,7.956445591784466,28.471455966756725,23.907375204879585,0.1221099719156573,1.0269841269841273,0,15,3
post_cutoff_origins,Children discharged from HHS Care,moving_average,full,7,14,14,0,0,0,7.852040816326531,10.399703389032354,87.54416249882857,51.72246886820483,0.2354743083658412,-0.7976190476190474,0,15,3
post_cutoff_origins,Children discharged from HHS Care,moving_average,full,14,14,14,0,0,0,7.384353741496599,10.162706934911483,104.26756313291361,55.84392583549801,0.21930496739728977,6.302721088435375,0,15,3
post_cutoff_origins,Children discharged from HHS Care,naive,capped,1,15,15,0,0,0,4.133333333333334,5.378971401051816,46.45453912559176,36.24152253922075,0.12130386688169177,-1.0666666666666667,0,15,3
post_cutoff_origins,Children discharged from HHS Care,naive,capped,7,14,14,0,0,0,9.357142857142858,12.781124475457661,88.17750108578282,62.30065228522451,0.2772171565313447,-2.642857142857143,0,15,3
post_cutoff_origins,Children discharged from HHS Care,naive,capped,14,14,14,0,0,0,8.285714285714286,10.212037714663724,121.46800749285221,68.7346811207744,0.2467862763722596,3.857142857142857,0,15,3
post_cutoff_origins,Children discharged from HHS Care,naive,full,1,15,15,0,0,0,4.133333333333334,5.378971401051816,46.45453912559176,36.24152253922075,0.12130386688169177,-1.0666666666666667,0,15,3
post_cutoff_origins,Children discharged from HHS Care,naive,full,7,14,14,0,0,0,9.357142857142858,12.781124475457661,88.17750108578282,62.30065228522451,0.2772171565313447,-2.642857142857143,0,15,3
post_cutoff_origins,Children discharged from HHS Care,naive,full,14,14,14,0,0,0,8.285714285714286,10.212037714663724,121.46800749285221,68.7346811207744,0.2467862763722596,3.857142857142857,0,15,3
post_cutoff_origins,Children discharged from HHS Care,random_forest,capped,1,15,15,0,0,0,7.1524949736869186,17.747281859742305,53.078115497073156,30.8657714983338,0.2029758308702455,5.175928939568146,0,15,3
post_cutoff_origins,Children discharged from HHS Care,random_forest,capped,7,14,14,0,0,0,11.838771160360904,17.944153854613496,127.2564930099294,59.772934929682656,0.34696213237376317,1.5712251108339512,0,15,3
post_cutoff_origins,Children discharged from HHS Care,random_forest,capped,14,14,14,0,0,0,11.033899720980127,19.989477558854897,124.28906533777477,61.97686553576906,0.3165603936210135,9.0507339331748,0,15,3
post_cutoff_origins,Children discharged from HHS Care,random_forest,full,1,15,15,0,0,0,9.945262756929374,18.983916217805454,77.80790106147745,44.514772401393316,0.2918076872871665,8.115693099023547,0,15,3
post_cutoff_origins,Children discharged from HHS Care,random_forest,full,7,14,14,0,0,0,11.346048242313199,17.474281895564832,125.26083929414189,54.308983496841755,0.3311389869453939,4.132303415739122,0,15,3
post_cutoff_origins,Children discharged from HHS Care,random_forest,full,14,14,14,0,0,0,13.71989328898012,21.679911089865236,163.540778011485,72.2751366365508,0.40317542605647605,12.404236970641639,0,15,3
post_cutoff_origins,Children discharged from HHS Care,sarima,capped,1,15,15,0,0,0,5.898743268265786,7.825042594389729,43.06814451029674,57.18620583808838,0.17299797127114133,-2.4491104938918666,0,15,3
post_cutoff_origins,Children discharged from HHS Care,sarima,capped,7,14,14,0,0,0,11.432702402954076,13.521889118274595,100.87766026701863,92.74584817254802,0.3452055378594589,-1.3193337913671854,0,15,3
post_cutoff_origins,Children discharged from HHS Care,sarima,capped,14,14,14,0,0,0,18.59988046525692,20.452151201749967,276.3101088129585,175.405596049836,0.5543532579514433,-15.339499584839063,0,15,3
post_cutoff_origins,Children discharged from HHS Care,sarima,full,1,15,15,0,0,0,4.776718740345817,7.401982283510601,35.44147138837472,49.57646197841356,0.13748738718487863,-2.5994282239849675,0,15,3
post_cutoff_origins,Children discharged from HHS Care,sarima,full,7,14,14,0,0,0,9.56925619975537,11.552698722770817,86.49213740091514,74.52763865504008,0.28628612208629506,-0.8316740211365221,0,15,3
post_cutoff_origins,Children discharged from HHS Care,sarima,full,14,14,14,0,0,0,14.400302408230743,17.43549791927589,226.3788424194085,141.5394450064349,0.4215748069973871,-12.423236260733574,0,15,3
post_cutoff_origins,Children discharged from HHS Care,seasonal_naive,capped,1,14,15,0,1,0,6.642857142857143,13.614593011072452,41.03974085647018,31.122582288548678,0.1906653492867912,2.7857142857142856,0,15,3
post_cutoff_origins,Children discharged from HHS Care,seasonal_naive,capped,7,13,14,0,1,0,9.692307692307692,15.372302765288365,99.15351442828224,55.036874861958715,0.28206912083497904,5.846153846153846,0,15,3
post_cutoff_origins,Children discharged from HHS Care,seasonal_naive,capped,14,12,14,0,2,0,5.333333333333333,7.05927286151579,64.13532321141017,57.85745293291732,0.15651498272862338,-1.0,0,15,3
post_cutoff_origins,Children discharged from HHS Care,seasonal_naive,full,1,14,15,0,1,0,6.642857142857143,13.614593011072452,41.03974085647018,31.122582288548678,0.1906653492867912,2.7857142857142856,0,15,3
post_cutoff_origins,Children discharged from HHS Care,seasonal_naive,full,7,13,14,0,1,0,9.692307692307692,15.372302765288365,99.15351442828224,55.036874861958715,0.28206912083497904,5.846153846153846,0,15,3
post_cutoff_origins,Children discharged from HHS Care,seasonal_naive,full,14,12,14,0,2,0,5.333333333333333,7.05927286151579,64.13532321141017,57.85745293291732,0.15651498272862338,-1.0,0,15,3
post_cutoff_origins,Children in HHS Care,exponential_smoothing,capped,1,15,15,0,0,0,28.57449164513135,41.628630328600124,1.283938628331896,1.2671619117407389,0.10181070672833753,24.703577925592086,0,15,3
post_cutoff_origins,Children in HHS Care,exponential_smoothing,capped,7,14,14,0,0,0,61.517654992577896,77.76849584884052,2.755129752956409,2.702867863664619,0.224788998664523,42.87992085630616,1,15,3
post_cutoff_origins,Children in HHS Care,exponential_smoothing,capped,14,14,14,0,0,0,108.74263902776782,127.24995056752742,4.925656066390931,4.912441636600449,0.4034433294799124,-6.401820782809231,1,15,3
post_cutoff_origins,Children in HHS Care,exponential_smoothing,full,1,15,15,0,0,0,41.093287800394606,50.8644817462612,1.7972432047910163,1.778203127534751,0.14756402619234452,25.93171833501803,0,15,3
post_cutoff_origins,Children in HHS Care,exponential_smoothing,full,7,14,14,0,0,0,80.05027295849789,99.05231572250958,3.515651770339824,3.428319910375003,0.29308299176189484,69.07406708338299,1,15,3
post_cutoff_origins,Children in HHS Care,exponential_smoothing,full,14,14,14,0,0,0,109.3718571924139,141.34415520855055,4.95027349725557,4.867241544888961,0.4066390588736912,24.434773423844394,1,15,3
post_cutoff_origins,Children in HHS Care,gradient_boosting,capped,1,15,15,0,0,0,34.16342617749271,51.938635849012684,1.4580393041391442,1.438616891319938,0.12377434367091318,21.94654239282125,0,15,3
post_cutoff_origins,Children in HHS Care,gradient_boosting,capped,7,14,14,0,0,0,198.29585690693662,312.96548944727766,9.029824127833,8.213252557856759,0.7144684368805349,135.38065004568872,1,15,3
post_cutoff_origins,Children in HHS Care,gradient_boosting,capped,14,14,14,0,0,0,411.4168089657275,605.4204214051992,18.852748824633107,15.983033195644914,1.4596593358115002,321.59600857030574,1,15,3
post_cutoff_origins,Children in HHS Care,gradient_boosting,full,1,15,15,0,0,0,39.07746496746869,49.61723252942619,1.730659091522636,1.7112921490516477,0.14376729887946454,24.139112291904514,0,15,3
post_cutoff_origins,Children in HHS Care,gradient_boosting,full,7,14,14,0,0,0,215.5827567578289,321.74669961220286,9.862006809472055,8.991375213342549,0.7826024179377268,151.20310435375077,1,15,3
post_cutoff_origins,Children in HHS Care,gradient_boosting,full,14,14,14,0,0,0,570.4500621042145,756.7628833052568,25.490956389816876,21.11172197393825,2.0599409017018826,547.0214773004755,1,15,3
post_cutoff_origins,Children in HHS Care,moving_average,capped,1,15,15,0,0,0,42.97142857142856,59.51079476765158,1.8571511195743124,1.8366966193785639,0.1556699516492793,16.133333333333304,0,15,3
post_cutoff_origins,Children in HHS Care,moving_average,capped,7,14,14,0,0,0,105.73469387755101,133.77412318899877,4.708443651364854,4.582786854061177,0.3845134485816814,43.836734693877524,1,15,3
post_cutoff_origins,Children in HHS Care,moving_average,capped,14,14,14,0,0,0,179.83673469387753,220.54732473775235,8.221336079218776,7.884924190897366,0.6576259823335506,63.36734693877549,1,15,3
post_cutoff_origins,Children in HHS Care,moving_average,full,1,15,15,0,0,0,42.97142857142856,59.51079476765158,1.8571511195743124,1.8366966193785639,0.1556699516492793,16.133333333333304,0,15,3
post_cutoff_origins,Children in HHS Care,moving_average,full,7,14,14,0,0,0,105.73469387755101,133.77412318899877,4.708443651364854,4.582786854061177,0.3845134485816814,43.836734693877524,1,15,3
post_cutoff_origins,Children in HHS Care,moving_average,full,14,14,14,0,0,0,179.83673469387753,220.54732473775235,8.221336079218776,7.884924190897366,0.6576259823335506,63.36734693877549,1,15,3
post_cutoff_origins,Children in HHS Care,naive,capped,1,15,15,0,0,0,10.133333333333333,13.966626889362608,0.44372872841592187,0.44366936496940773,0.03689260560186096,0.0,0,15,3
post_cutoff_origins,Children in HHS Care,naive,capped,7,14,14,0,0,0,70.21428571428571,86.87388231552352,3.1298911045513225,3.0787112889464754,0.25609760664881864,26.5,1,15,3
post_cutoff_origins,Children in HHS Care,naive,capped,14,14,14,0,0,0,147.64285714285714,176.41043862862213,6.728246624739466,6.530819448245636,0.5418850341320879,43.92857142857143,1,15,3
post_cutoff_origins,Children in HHS Care,naive,full,1,15,15,0,0,0,10.133333333333333,13.966626889362608,0.44372872841592187,0.44366936496940773,0.03689260560186096,0.0,0,15,3
post_cutoff_origins,Children in HHS Care,naive,full,7,14,14,0,0,0,70.21428571428571,86.87388231552352,3.1298911045513225,3.0787112889464754,0.25609760664881864,26.5,1,15,3
post_cutoff_origins,Children in HHS Care,naive,full,14,14,14,0,0,0,147.64285714285714,176.41043862862213,6.728246624739466,6.530819448245636,0.5418850341320879,43.92857142857143,1,15,3
post_cutoff_origins,Children in HHS Care,random_forest,capped,1,15,15,0,0,0,103.19228731137913,171.09752916944603,4.410917963015523,4.217667458439603,0.3699334163884265,50.419467295699604,0,15,3
post_cutoff_origins,Children in HHS Care,random_forest,capped,7,14,14,0,0,0,184.78761634196135,277.9121128341461,8.30905204702562,7.722980963971058,0.668258880311955,111.60425067253239,1,15,3
post_cutoff_origins,Children in HHS Care,random_forest,capped,14,14,14,0,0,0,287.01063545951945,461.7240913255587,13.356676128365908,11.611068397139796,1.0316557079188395,209.54462577396,1,15,3
post_cutoff_origins,Children in HHS Care,random_forest,full,1,15,15,0,0,0,136.2493228472247,212.45797216701186,6.069953925727288,5.6860596486991755,0.5037872932887146,104.93872840057892,0,15,3
post_cutoff_origins,Children in HHS Care,random_forest,full,7,14,14,0,0,0,225.7795863478585,323.42390259112165,10.388403692797079,9.484307947359188,0.83394495656281,171.11509672444987,1,15,3
post_cutoff_origins,Children in HHS Care,random_forest,full,14,14,14,0,0,0,323.5964021608955,483.1419493403394,15.122461737871443,13.158628261230795,1.1768249928983658,246.30875896124454,1,15,3
post_cutoff_origins,Children in HHS Care,sarima,capped,1,15,15,0,0,0,11.440269132834844,16.35742639015376,0.5026177208794508,0.5001686452920371,0.0407974515453333,10.17820154507311,0,15,3
post_cutoff_origins,Children in HHS Care,sarima,capped,7,14,14,0,0,0,62.385141836353945,79.88156400403908,2.7695121626550514,2.8153253509454865,0.2231599313322799,-29.927860284695935,1,15,3
post_cutoff_origins,Children in HHS Care,sarima,capped,14,14,14,0,0,0,220.44449961012933,306.9993051252039,9.950880692146596,10.978820460549912,0.7787274400873777,-168.22578493700846,1,15,3
post_cutoff_origins,Children in HHS Care,sarima,full,1,15,15,0,0,0,11.813577561644328,16.20984941497799,0.5202586885158259,0.5177688371836756,0.04204868035266266,10.67344175551572,0,15,3
post_cutoff_origins,Children in HHS Care,sarima,full,7,14,14,0,0,0,62.897794257877095,80.3414476805502,2.7997320249155124,2.8476079870476196,0.22488630482580627,-35.5163685933404,1,15,3
post_cutoff_origins,Children in HHS Care,sarima,full,14,14,14,0,0,0,249.46882218195415,318.427381535872,11.233824016225004,12.307082798792553,0.8895038537438286,-188.70499196184025,1,15,3
post_cutoff_origins,Children in HHS Care,seasonal_naive,capped,1,15,15,0,0,0,56.4,82.51868475280816,2.435149376267646,2.3886420992702493,0.20325264412527522,27.333333333333332,0,15,3
post_cutoff_origins,Children in HHS Care,seasonal_naive,capped,7,14,14,0,0,0,110.57142857142857,143.2624963385144,4.930841558461236,4.785321209974989,0.4012010138536968,48.142857142857146,1,15,3
post_cutoff_origins,Children in HHS Care,seasonal_naive,capped,14,14,14,0,0,0,152.64285714285714,181.30262782746107,6.965199174203852,6.756843714111886,0.5610620747729869,46.785714285714285,1,15,3
post_cutoff_origins,Children in HHS Care,seasonal_naive,full,1,15,15,0,0,0,56.4,82.51868475280816,2.435149376267646,2.3886420992702493,0.20325264412527522,27.333333333333332,0,15,3
post_cutoff_origins,Children in HHS Care,seasonal_naive,full,7,14,14,0,0,0,110.57142857142857,143.2624963385144,4.930841558461236,4.785321209974989,0.4012010138536968,48.142857142857146,1,15,3
post_cutoff_origins,Children in HHS Care,seasonal_naive,full,14,14,14,0,0,0,152.64285714285714,181.30262782746107,6.965199174203852,6.756843714111886,0.5610620747729869,46.785714285714285,1,15,3
post_cutoff_common_support,Children discharged from HHS Care,exponential_smoothing,capped,1,14,14,0,0,0,3.817078528133062,6.267510377497867,23.422180291959897,24.227924559870566,0.11281522389644083,-1.422495151918523,0,14,2
post_cutoff_common_support,Children discharged from HHS Care,exponential_smoothing,capped,7,13,13,0,0,0,6.7791177151943,9.663732284141116,89.20405972267021,50.00942521797506,0.19995465812314733,1.679745896610784,0,13,3
post_cutoff_common_support,Children discharged from HHS Care,exponential_smoothing,capped,14,12,12,0,0,0,7.329325292778953,9.904327374877026,89.32547456330364,67.6415013447934,0.21467766556931556,2.100074606057339,0,12,0
post_cutoff_common_support,Children discharged from HHS Care,exponential_smoothing,full,1,14,14,0,0,0,3.885551442157539,6.199365260503191,24.184520955421508,24.862765694139995,0.11448113887330742,-1.179764559231921,0,14,2
post_cutoff_common_support,Children discharged from HHS Care,exponential_smoothing,full,7,13,13,0,0,0,6.287982469734596,9.282833403046197,86.02708345111789,46.07258427676273,0.18500294735088876,1.6520041012673767,0,13,3
post_cutoff_common_support,Children discharged from HHS Care,exponential_smoothing,full,14,12,12,0,0,0,6.851473527247502,9.355278208907672,90.06004719948136,59.69533630201389,0.20023199789226545,3.002341958132012,0,12,0
post_cutoff_common_support,Children discharged from HHS Care,gradient_boosting,capped,1,14,14,0,0,0,4.435827360944133,7.003659894775708,40.209638448742666,28.16848862076403,0.12867591636278994,2.0963676887302447,0,14,2
post_cutoff_common_support,Children discharged from HHS Care,gradient_boosting,capped,7,13,13,0,0,0,12.229732978005504,19.018008467382128,153.3108075223686,63.969088202805715,0.35432769664613456,5.608346624238152,0,13,3
post_cutoff_common_support,Children discharged from HHS Care,gradient_boosting,capped,14,12,12,0,0,0,8.256186428158033,14.56408351256192,107.46833575643471,49.68635669586667,0.23607515662489775,6.464561377615393,0,12,0
post_cutoff_common_support,Children discharged from HHS Care,gradient_boosting,full,1,14,14,0,0,0,4.376106382608264,7.012595685787303,39.56742237864126,29.353716484906982,0.12652296468630134,0.5932136049438829,0,14,2
post_cutoff_common_support,Children discharged from HHS Care,gradient_boosting,full,7,13,13,0,0,0,12.11551418011875,19.0027824989924,152.8357890850479,63.661480902959056,0.3496104246731916,4.990711035048533,0,13,3
post_cutoff_common_support,Children discharged from HHS Care,gradient_boosting,full,14,12,12,0,0,0,9.258894737614538,14.964960833693329,120.88081916710813,59.034174078812505,0.2670096977700634,7.26987246470447,0,12,0
post_cutoff_common_support,Children discharged from HHS Care,moving_average,capped,1,14,14,0,0,0,4.465986394557823,8.22979901557351,29.74755563537787,24.89562040193933,0.1282859579235262,1.0170068027210888,0,14,2
post_cutoff_common_support,Children discharged from HHS Care,moving_average,capped,7,13,13,0,0,0,6.609890109890111,8.495037592699516,89.42002924975061,48.600528603628874,0.19637516542104536,0.9871794871794873,0,13,3
post_cutoff_common_support,Children discharged from HHS Care,moving_average,capped,14,12,12,0,0,0,7.68452380952381,10.722124557495825,107.08530513654738,55.82301847532779,0.22565922834276486,6.4226190476190474,0,12,0
post_cutoff_common_support,Children discharged from HHS Care,moving_average,full,1,14,14,0,0,0,4.465986394557823,8.22979901557351,29.74755563537787,24.89562040193933,0.1282859579235262,1.0170068027210888,0,14,2
post_cutoff_common_support,Children discharged from HHS Care,moving_average,full,7,13,13,0,0,0,6.609890109890111,8.495037592699516,89.42002924975061,48.600528603628874,0.19637516542104536,0.9871794871794873,0,13,3
post_cutoff_common_support,Children discharged from HHS Care,moving_average,full,14,12,12,0,0,0,7.68452380952381,10.722124557495825,107.08530513654738,55.82301847532779,0.22565922834276486,6.4226190476190474,0,12,0
post_cutoff_common_support,Children discharged from HHS Care,naive,capped,1,14,14,0,0,0,4.142857142857143,5.464168999687222,47.17531789430286,36.632400522791464,0.12123875505352878,-1.4285714285714286,0,14,2
post_cutoff_common_support,Children discharged from HHS Care,naive,capped,7,13,13,0,0,0,8.461538461538462,11.916375287812984,90.7093736389402,61.21888427919283,0.2484805708170509,-1.2307692307692308,0,13,3
post_cutoff_common_support,Children discharged from HHS Care,naive,capped,14,12,12,0,0,0,9.333333333333334,10.969655114602888,138.9348976305498,77.80950892661774,0.27737402155600005,4.166666666666667,0,12,0
post_cutoff_common_support,Children discharged from HHS Care,naive,full,1,14,14,0,0,0,4.142857142857143,5.464168999687222,47.17531789430286,36.632400522791464,0.12123875505352878,-1.4285714285714286,0,14,2
post_cutoff_common_support,Children discharged from HHS Care,naive,full,7,13,13,0,0,0,8.461538461538462,11.916375287812984,90.7093736389402,61.21888427919283,0.2484805708170509,-1.2307692307692308,0,13,3
post_cutoff_common_support,Children discharged from HHS Care,naive,full,14,12,12,0,0,0,9.333333333333334,10.969655114602888,138.9348976305498,77.80950892661774,0.27737402155600005,4.166666666666667,0,12,0
post_cutoff_common_support,Children discharged from HHS Care,random_forest,capped,1,14,14,0,0,0,7.345011289281075,18.33151652987566,53.97508052909219,30.663749313538375,0.20774648379445804,5.227261967010961,0,14,2
post_cutoff_common_support,Children discharged from HHS Care,random_forest,capped,7,13,13,0,0,0,10.653699137218505,17.019498142211297,131.53033104283648,55.773851040360356,0.3087040595571468,3.7878353086836474,0,13,3
post_cutoff_common_support,Children discharged from HHS Care,random_forest,capped,14,12,12,0,0,0,12.008534934177794,21.470454525420248,130.7484584482926,62.81054194898693,0.34119033008932886,10.214529005392002,0,12,0
post_cutoff_common_support,Children discharged from HHS Care,random_forest,full,1,14,14,0,0,0,9.944601653593505,19.469286603342752,76.90163542065336,43.24409241252162,0.2909261694622001,7.9843484486944005,0,14,2
post_cutoff_common_support,Children discharged from HHS Care,random_forest,full,7,13,13,0,0,0,10.438403676578064,16.95967291519993,130.21097924047874,51.74955509512411,0.3014358432396731,6.230590416709051,0,13,3
post_cutoff_common_support,Children discharged from HHS Care,random_forest,full,14,12,12,0,0,0,12.23193943870667,21.49475642892072,135.13535585063565,64.77310765711682,0.3482663818155165,10.697007067311773,0,12,0
post_cutoff_common_support,Children discharged from HHS Care,sarima,capped,1,14,14,0,0,0,5.992793067094353,8.006578668900975,43.16908594631413,58.80845315746648,0.17535502736439645,-2.9513359637888463,0,14,2
post_cutoff_common_support,Children discharged from HHS Care,sarima,capped,7,13,13,0,0,0,11.102640990195056,13.337490013404539,105.45458539508456,95.86697130893799,0.3342772435838603,-0.21132094694763476,0,13,3
post_cutoff_common_support,Children discharged from HHS Care,sarima,capped,14,12,12,0,0,0,18.072567584690862,19.85379755734482,280.1641918776914,171.30652872480866,0.5306721925483894,-14.268789890870027,0,12,0
post_cutoff_common_support,Children discharged from HHS Care,sarima,full,1,14,14,0,0,0,4.901305783749971,7.618792877888585,36.003849128656256,50.83365571881628,0.14068973064094376,-2.5684945162204897,0,14,2
post_cutoff_common_support,Children discharged from HHS Care,sarima,full,7,13,13,0,0,0,8.666777072158641,10.432031337442952,88.83333727011247,74.26923507147029,0.2575284525266641,0.7429268125078122,0,13,3
post_cutoff_common_support,Children discharged from HHS Care,sarima,full,14,12,12,0,0,0,16.098773766246907,18.752085348462977,253.54541093350088,146.5141349702158,0.46911745487938145,-13.792196594166876,0,12,0
post_cutoff_common_support,Children discharged from HHS Care,seasonal_naive,capped,1,14,14,0,0,0,6.642857142857143,13.614593011072452,41.03974085647018,31.122582288548678,0.1906653492867912,2.7857142857142856,0,14,2
post_cutoff_common_support,Children discharged from HHS Care,seasonal_naive,capped,7,13,13,0,0,0,9.692307692307692,15.372302765288365,99.15351442828224,55.036874861958715,0.28206912083497904,5.846153846153846,0,13,3
post_cutoff_common_support,Children discharged from HHS Care,seasonal_naive,capped,14,12,12,0,0,0,5.333333333333333,7.05927286151579,64.13532321141017,57.85745293291732,0.15651498272862338,-1.0,0,12,0
post_cutoff_common_support,Children discharged from HHS Care,seasonal_naive,full,1,14,14,0,0,0,6.642857142857143,13.614593011072452,41.03974085647018,31.122582288548678,0.1906653492867912,2.7857142857142856,0,14,2
post_cutoff_common_support,Children discharged from HHS Care,seasonal_naive,full,7,13,13,0,0,0,9.692307692307692,15.372302765288365,99.15351442828224,55.036874861958715,0.28206912083497904,5.846153846153846,0,13,3
post_cutoff_common_support,Children discharged from HHS Care,seasonal_naive,full,14,12,12,0,0,0,5.333333333333333,7.05927286151579,64.13532321141017,57.85745293291732,0.15651498272862338,-1.0,0,12,0
post_cutoff_common_support,Children in HHS Care,exponential_smoothing,capped,1,15,15,0,0,0,28.57449164513135,41.628630328600124,1.283938628331896,1.2671619117407389,0.10181070672833753,24.703577925592086,0,15,3
post_cutoff_common_support,Children in HHS Care,exponential_smoothing,capped,7,14,14,0,0,0,61.517654992577896,77.76849584884052,2.755129752956409,2.702867863664619,0.224788998664523,42.87992085630616,0,14,3
post_cutoff_common_support,Children in HHS Care,exponential_smoothing,capped,14,14,14,0,0,0,108.74263902776782,127.24995056752742,4.925656066390931,4.912441636600449,0.4034433294799124,-6.401820782809231,0,14,2
post_cutoff_common_support,Children in HHS Care,exponential_smoothing,full,1,15,15,0,0,0,41.093287800394606,50.8644817462612,1.7972432047910163,1.778203127534751,0.14756402619234452,25.93171833501803,0,15,3
post_cutoff_common_support,Children in HHS Care,exponential_smoothing,full,7,14,14,0,0,0,80.05027295849789,99.05231572250958,3.515651770339824,3.428319910375003,0.29308299176189484,69.07406708338299,0,14,3
post_cutoff_common_support,Children in HHS Care,exponential_smoothing,full,14,14,14,0,0,0,109.3718571924139,141.34415520855055,4.95027349725557,4.867241544888961,0.4066390588736912,24.434773423844394,0,14,2
post_cutoff_common_support,Children in HHS Care,gradient_boosting,capped,1,15,15,0,0,0,34.16342617749271,51.938635849012684,1.4580393041391442,1.438616891319938,0.12377434367091318,21.94654239282125,0,15,3
post_cutoff_common_support,Children in HHS Care,gradient_boosting,capped,7,14,14,0,0,0,198.29585690693662,312.96548944727766,9.029824127833,8.213252557856759,0.7144684368805349,135.38065004568872,0,14,3
post_cutoff_common_support,Children in HHS Care,gradient_boosting,capped,14,14,14,0,0,0,411.4168089657275,605.4204214051992,18.852748824633107,15.983033195644914,1.4596593358115002,321.59600857030574,0,14,2
post_cutoff_common_support,Children in HHS Care,gradient_boosting,full,1,15,15,0,0,0,39.07746496746869,49.61723252942619,1.730659091522636,1.7112921490516477,0.14376729887946454,24.139112291904514,0,15,3
post_cutoff_common_support,Children in HHS Care,gradient_boosting,full,7,14,14,0,0,0,215.5827567578289,321.74669961220286,9.862006809472055,8.991375213342549,0.7826024179377268,151.20310435375077,0,14,3
post_cutoff_common_support,Children in HHS Care,gradient_boosting,full,14,14,14,0,0,0,570.4500621042145,756.7628833052568,25.490956389816876,21.11172197393825,2.0599409017018826,547.0214773004755,0,14,2
post_cutoff_common_support,Children in HHS Care,moving_average,capped,1,15,15,0,0,0,42.97142857142856,59.51079476765158,1.8571511195743124,1.8366966193785639,0.1556699516492793,16.133333333333304,0,15,3
post_cutoff_common_support,Children in HHS Care,moving_average,capped,7,14,14,0,0,0,105.73469387755101,133.77412318899877,4.708443651364854,4.582786854061177,0.3845134485816814,43.836734693877524,0,14,3
post_cutoff_common_support,Children in HHS Care,moving_average,capped,14,14,14,0,0,0,179.83673469387753,220.54732473775235,8.221336079218776,7.884924190897366,0.6576259823335506,63.36734693877549,0,14,2
post_cutoff_common_support,Children in HHS Care,moving_average,full,1,15,15,0,0,0,42.97142857142856,59.51079476765158,1.8571511195743124,1.8366966193785639,0.1556699516492793,16.133333333333304,0,15,3
post_cutoff_common_support,Children in HHS Care,moving_average,full,7,14,14,0,0,0,105.73469387755101,133.77412318899877,4.708443651364854,4.582786854061177,0.3845134485816814,43.836734693877524,0,14,3
post_cutoff_common_support,Children in HHS Care,moving_average,full,14,14,14,0,0,0,179.83673469387753,220.54732473775235,8.221336079218776,7.884924190897366,0.6576259823335506,63.36734693877549,0,14,2
post_cutoff_common_support,Children in HHS Care,naive,capped,1,15,15,0,0,0,10.133333333333333,13.966626889362608,0.44372872841592187,0.44366936496940773,0.03689260560186096,0.0,0,15,3
post_cutoff_common_support,Children in HHS Care,naive,capped,7,14,14,0,0,0,70.21428571428571,86.87388231552352,3.1298911045513225,3.0787112889464754,0.25609760664881864,26.5,0,14,3
post_cutoff_common_support,Children in HHS Care,naive,capped,14,14,14,0,0,0,147.64285714285714,176.41043862862213,6.728246624739466,6.530819448245636,0.5418850341320879,43.92857142857143,0,14,2
post_cutoff_common_support,Children in HHS Care,naive,full,1,15,15,0,0,0,10.133333333333333,13.966626889362608,0.44372872841592187,0.44366936496940773,0.03689260560186096,0.0,0,15,3
post_cutoff_common_support,Children in HHS Care,naive,full,7,14,14,0,0,0,70.21428571428571,86.87388231552352,3.1298911045513225,3.0787112889464754,0.25609760664881864,26.5,0,14,3
post_cutoff_common_support,Children in HHS Care,naive,full,14,14,14,0,0,0,147.64285714285714,176.41043862862213,6.728246624739466,6.530819448245636,0.5418850341320879,43.92857142857143,0,14,2
post_cutoff_common_support,Children in HHS Care,random_forest,capped,1,15,15,0,0,0,103.19228731137913,171.09752916944603,4.410917963015523,4.217667458439603,0.3699334163884265,50.419467295699604,0,15,3
post_cutoff_common_support,Children in HHS Care,random_forest,capped,7,14,14,0,0,0,184.78761634196135,277.9121128341461,8.30905204702562,7.722980963971058,0.668258880311955,111.60425067253239,0,14,3
post_cutoff_common_support,Children in HHS Care,random_forest,capped,14,14,14,0,0,0,287.01063545951945,461.7240913255587,13.356676128365908,11.611068397139796,1.0316557079188395,209.54462577396,0,14,2
post_cutoff_common_support,Children in HHS Care,random_forest,full,1,15,15,0,0,0,136.2493228472247,212.45797216701186,6.069953925727288,5.6860596486991755,0.5037872932887146,104.93872840057892,0,15,3
post_cutoff_common_support,Children in HHS Care,random_forest,full,7,14,14,0,0,0,225.7795863478585,323.42390259112165,10.388403692797079,9.484307947359188,0.83394495656281,171.11509672444987,0,14,3
post_cutoff_common_support,Children in HHS Care,random_forest,full,14,14,14,0,0,0,323.5964021608955,483.1419493403394,15.122461737871443,13.158628261230795,1.1768249928983658,246.30875896124454,0,14,2
post_cutoff_common_support,Children in HHS Care,sarima,capped,1,15,15,0,0,0,11.440269132834844,16.35742639015376,0.5026177208794508,0.5001686452920371,0.0407974515453333,10.17820154507311,0,15,3
post_cutoff_common_support,Children in HHS Care,sarima,capped,7,14,14,0,0,0,62.385141836353945,79.88156400403908,2.7695121626550514,2.8153253509454865,0.2231599313322799,-29.927860284695935,0,14,3
post_cutoff_common_support,Children in HHS Care,sarima,capped,14,14,14,0,0,0,220.44449961012933,306.9993051252039,9.950880692146596,10.978820460549912,0.7787274400873777,-168.22578493700846,0,14,2
post_cutoff_common_support,Children in HHS Care,sarima,full,1,15,15,0,0,0,11.813577561644328,16.20984941497799,0.5202586885158259,0.5177688371836756,0.04204868035266266,10.67344175551572,0,15,3
post_cutoff_common_support,Children in HHS Care,sarima,full,7,14,14,0,0,0,62.897794257877095,80.3414476805502,2.7997320249155124,2.8476079870476196,0.22488630482580627,-35.5163685933404,0,14,3
post_cutoff_common_support,Children in HHS Care,sarima,full,14,14,14,0,0,0,249.46882218195415,318.427381535872,11.233824016225004,12.307082798792553,0.8895038537438286,-188.70499196184025,0,14,2
post_cutoff_common_support,Children in HHS Care,seasonal_naive,capped,1,15,15,0,0,0,56.4,82.51868475280816,2.435149376267646,2.3886420992702493,0.20325264412527522,27.333333333333332,0,15,3
post_cutoff_common_support,Children in HHS Care,seasonal_naive,capped,7,14,14,0,0,0,110.57142857142857,143.2624963385144,4.930841558461236,4.785321209974989,0.4012010138536968,48.142857142857146,0,14,3
post_cutoff_common_support,Children in HHS Care,seasonal_naive,capped,14,14,14,0,0,0,152.64285714285714,181.30262782746107,6.965199174203852,6.756843714111886,0.5610620747729869,46.785714285714285,0,14,2
post_cutoff_common_support,Children in HHS Care,seasonal_naive,full,1,15,15,0,0,0,56.4,82.51868475280816,2.435149376267646,2.3886420992702493,0.20325264412527522,27.333333333333332,0,15,3
post_cutoff_common_support,Children in HHS Care,seasonal_naive,full,7,14,14,0,0,0,110.57142857142857,143.2624963385144,4.930841558461236,4.785321209974989,0.4012010138536968,48.142857142857146,0,14,3
post_cutoff_common_support,Children in HHS Care,seasonal_naive,full,14,14,14,0,0,0,152.64285714285714,181.30262782746107,6.965199174203852,6.756843714111886,0.5610620747729869,46.785714285714285,0,14,2
